split_mode,seed,model_name,split,rows,selected_base_combo,correction_method,selected_k,selected_bandwidth_scale,selected_amount,device_used,cuda_device_name,mean_3d_error_mm,median_3d_error_mm,p90_3d_error_mm,p95_3d_error_mm,max_3d_error_mm,pass_2mm_rate,pass_2p5mm_rate
v1000_only_random,0,cuda_density_aware_local_krr,train,408,target3_delta05_a3e-4_g0p03+trig_x2_a3e-4_g0p05+target_x2_a1e-3_g0p15,adaptive_residual,5,0.5,0.5,cuda,NVIDIA GeForce RTX 2070 SUPER,1.201946153507245,0.9823092650632544,2.285641756180466,2.825639721308443,4.741416417468769,0.8455882352941176,0.9215686274509803
v1000_only_random,0,cuda_density_aware_local_krr,valid,88,target3_delta05_a3e-4_g0p03+trig_x2_a3e-4_g0p05+target_x2_a1e-3_g0p15,adaptive_residual,5,0.5,0.5,cuda,NVIDIA GeForce RTX 2070 SUPER,1.78535696691284,1.32892567959974,3.650940506204684,4.534694192816857,7.81361207168128,0.7272727272727273,0.8295454545454546
v1000_only_random,0,cuda_density_aware_local_krr,test,88,target3_delta05_a3e-4_g0p03+trig_x2_a3e-4_g0p05+target_x2_a1e-3_g0p15,adaptive_residual,5,0.5,0.5,cuda,NVIDIA GeForce RTX 2070 SUPER,2.2599176656942106,1.9677324087333985,4.10206217301672,6.150522901111489,8.543089635895846,0.5113636363636364,0.6590909090909091
v1000_only_random,1,cuda_density_aware_local_krr,train,408,target3_delta05_a1e-4_g0p03+trig_x2_a3e-4_g0p05+trig_x2_a1e-4_g0p03+target05_trig2_a3e-4_g0p05+target_x2_a1e-3_g0p15,adaptive_residual,10,2.0,1.0,cuda,NVIDIA GeForce RTX 2070 SUPER,1.1749830928029077,0.9503477793970488,2.294611273249555,2.911805383518229,5.2004331423341625,0.8529411764705882,0.928921568627451
v1000_only_random,1,cuda_density_aware_local_krr,valid,88,target3_delta05_a1e-4_g0p03+trig_x2_a3e-4_g0p05+trig_x2_a1e-4_g0p03+target05_trig2_a3e-4_g0p05+target_x2_a1e-3_g0p15,adaptive_residual,10,2.0,1.0,cuda,NVIDIA GeForce RTX 2070 SUPER,2.273866311429328,1.665718268605227,5.222272764767745,6.1285224316145355,7.093794455961351,0.6136363636363636,0.6818181818181818
v1000_only_random,1,cuda_density_aware_local_krr,test,88,target3_delta05_a1e-4_g0p03+trig_x2_a3e-4_g0p05+trig_x2_a1e-4_g0p03+target05_trig2_a3e-4_g0p05+target_x2_a1e-3_g0p15,adaptive_residual,10,2.0,1.0,cuda,NVIDIA GeForce RTX 2070 SUPER,1.9549977945754586,1.347242667992108,3.8403723880304255,4.881956975080848,9.396170126468956,0.6704545454545454,0.7272727272727273
v1000_only_random,2,cuda_density_aware_local_krr,train,408,target3_delta05_a1e-4_g0p03+target3_delta05_a3e-4_g0p03,adaptive_residual,5,0.5,0.75,cuda,NVIDIA GeForce RTX 2070 SUPER,1.3680682465189842,1.1393807868424441,2.5557238462941996,3.053491979429799,6.720086445560202,0.8161764705882353,0.8872549019607843
v1000_only_random,2,cuda_density_aware_local_krr,valid,88,target3_delta05_a1e-4_g0p03+target3_delta05_a3e-4_g0p03,adaptive_residual,5,0.5,0.75,cuda,NVIDIA GeForce RTX 2070 SUPER,2.1112897338030105,1.7437492287924357,3.8189878219513007,4.958906646163843,7.269579893756398,0.5909090909090909,0.6818181818181818
v1000_only_random,2,cuda_density_aware_local_krr,test,88,target3_delta05_a1e-4_g0p03+target3_delta05_a3e-4_g0p03,adaptive_residual,5,0.5,0.75,cuda,NVIDIA GeForce RTX 2070 SUPER,1.908363293653339,1.458484905539121,3.5944454233483376,4.457146736885367,11.779561267961652,0.6477272727272727,0.7727272727272727
v1000_only_random,3,cuda_density_aware_local_krr,train,408,target3_delta05_a1e-4_g0p03+target3_delta05_a3e-4_g0p03+trig_x2_a1e-4_g0p03+target_x2_a1e-4_g0p07+target_x2_a1e-3_g0p15,adaptive_residual,5,0.5,1.0,cuda,NVIDIA GeForce RTX 2070 SUPER,1.2146457404514706,0.9574279135450989,2.367637139756043,2.899266916183789,6.490559585533358,0.8553921568627451,0.9166666666666666
v1000_only_random,3,cuda_density_aware_local_krr,valid,88,target3_delta05_a1e-4_g0p03+target3_delta05_a3e-4_g0p03+trig_x2_a1e-4_g0p03+target_x2_a1e-4_g0p07+target_x2_a1e-3_g0p15,adaptive_residual,5,0.5,1.0,cuda,NVIDIA GeForce RTX 2070 SUPER,1.8513668119434532,1.5207068425796693,2.9445786418221203,5.684900122615152,12.739148285414364,0.7045454545454546,0.8522727272727273
v1000_only_random,3,cuda_density_aware_local_krr,test,88,target3_delta05_a1e-4_g0p03+target3_delta05_a3e-4_g0p03+trig_x2_a1e-4_g0p03+target_x2_a1e-4_g0p07+target_x2_a1e-3_g0p15,adaptive_residual,5,0.5,1.0,cuda,NVIDIA GeForce RTX 2070 SUPER,2.020390253175025,1.4755532525231994,3.5397121395253635,4.905739312392031,7.369965719569272,0.625,0.7386363636363636
v1000_only_random,4,cuda_density_aware_local_krr,train,408,target3_delta05_a1e-4_g0p03+target_x3_a1e-4_g0p03+trig_x2_a1e-4_g0p03+target05_trig2_a3e-4_g0p05,adaptive_residual,5,0.5,1.0,cuda,NVIDIA GeForce RTX 2070 SUPER,1.2842632040108044,1.0262239986798836,2.5834298213832394,3.147276889260159,5.617818174370576,0.8259803921568627,0.8848039215686274
v1000_only_random,4,cuda_density_aware_local_krr,valid,88,target3_delta05_a1e-4_g0p03+target_x3_a1e-4_g0p03+trig_x2_a1e-4_g0p03+target05_trig2_a3e-4_g0p05,adaptive_residual,5,0.5,1.0,cuda,NVIDIA GeForce RTX 2070 SUPER,2.121232357004011,1.714836053413598,3.869665100762326,4.469869233688054,11.831090976281624,0.6022727272727273,0.6931818181818182
v1000_only_random,4,cuda_density_aware_local_krr,test,88,target3_delta05_a1e-4_g0p03+target_x3_a1e-4_g0p03+trig_x2_a1e-4_g0p03+target05_trig2_a3e-4_g0p05,adaptive_residual,5,0.5,1.0,cuda,NVIDIA GeForce RTX 2070 SUPER,1.8030785661393183,1.238906876742152,3.264283086199354,4.863676576499033,11.661015604253299,0.6818181818181818,0.7840909090909091
v1000_only_random,5,cuda_density_aware_local_krr,train,408,target3_delta05_a1e-4_g0p03+trig_x2_a3e-4_g0p05+trig_x2_a1e-4_g0p03+target05_trig2_a3e-4_g0p05+target_x2_a1e-4_g0p07+target_x2_a1e-3_g0p15,adaptive_residual,5,0.5,1.0,cuda,NVIDIA GeForce RTX 2070 SUPER,1.249424589778954,0.9851983075690562,2.5011875205605376,3.2122367982282585,5.890255487419105,0.821078431372549,0.8995098039215687
v1000_only_random,5,cuda_density_aware_local_krr,valid,88,target3_delta05_a1e-4_g0p03+trig_x2_a3e-4_g0p05+trig_x2_a1e-4_g0p03+target05_trig2_a3e-4_g0p05+target_x2_a1e-4_g0p07+target_x2_a1e-3_g0p15,adaptive_residual,5,0.5,1.0,cuda,NVIDIA GeForce RTX 2070 SUPER,1.7222398318140946,1.3536028563050952,3.5125793984880014,4.093775247969388,5.495772191250256,0.6931818181818182,0.7840909090909091
v1000_only_random,5,cuda_density_aware_local_krr,test,88,target3_delta05_a1e-4_g0p03+trig_x2_a3e-4_g0p05+trig_x2_a1e-4_g0p03+target05_trig2_a3e-4_g0p05+target_x2_a1e-4_g0p07+target_x2_a1e-3_g0p15,adaptive_residual,5,0.5,1.0,cuda,NVIDIA GeForce RTX 2070 SUPER,1.8838798603256195,1.6224849595609685,3.467589798360866,4.148357817092996,6.624833512846675,0.6363636363636364,0.7613636363636364
v1000_only_random,6,cuda_density_aware_local_krr,train,408,trig_x2_a3e-4_g0p05+trig_x2_a1e-4_g0p03+target05_trig2_a3e-4_g0p05+target_x2_a1e-4_g0p07+target_x2_a1e-3_g0p15,adaptive_residual,5,0.5,1.0,cuda,NVIDIA GeForce RTX 2070 SUPER,1.2440120421859435,1.0302705629783147,2.4069267095577884,3.1004221055450425,6.194410790836751,0.8431372549019608,0.9044117647058824
v1000_only_random,6,cuda_density_aware_local_krr,valid,88,trig_x2_a3e-4_g0p05+trig_x2_a1e-4_g0p03+target05_trig2_a3e-4_g0p05+target_x2_a1e-4_g0p07+target_x2_a1e-3_g0p15,adaptive_residual,5,0.5,1.0,cuda,NVIDIA GeForce RTX 2070 SUPER,1.7226467722623615,1.2907683683335425,3.1380942272779246,5.0884716089491855,7.639906131021991,0.7272727272727273,0.8295454545454546
v1000_only_random,6,cuda_density_aware_local_krr,test,88,trig_x2_a3e-4_g0p05+trig_x2_a1e-4_g0p03+target05_trig2_a3e-4_g0p05+target_x2_a1e-4_g0p07+target_x2_a1e-3_g0p15,adaptive_residual,5,0.5,1.0,cuda,NVIDIA GeForce RTX 2070 SUPER,1.746930632460372,1.43661278086488,3.61830021158499,4.4779275499469415,8.658171497887016,0.7159090909090909,0.8181818181818182
v1000_only_random,7,cuda_density_aware_local_krr,train,408,target3_delta05_a1e-4_g0p03+target3_delta05_a3e-4_g0p03+target_x2_a1e-4_g0p07,adaptive_residual,5,0.5,1.0,cuda,NVIDIA GeForce RTX 2070 SUPER,1.2734057431097305,0.9854137354643353,2.5214744008638585,3.170370862121266,4.624714186240646,0.821078431372549,0.8946078431372549
v1000_only_random,7,cuda_density_aware_local_krr,valid,88,target3_delta05_a1e-4_g0p03+target3_delta05_a3e-4_g0p03+target_x2_a1e-4_g0p07,adaptive_residual,5,0.5,1.0,cuda,NVIDIA GeForce RTX 2070 SUPER,2.0542440474842287,1.58304980494812,3.6917067721657153,5.709607836077738,8.854172576852136,0.5795454545454546,0.75
v1000_only_random,7,cuda_density_aware_local_krr,test,88,target3_delta05_a1e-4_g0p03+target3_delta05_a3e-4_g0p03+target_x2_a1e-4_g0p07,adaptive_residual,5,0.5,1.0,cuda,NVIDIA GeForce RTX 2070 SUPER,1.8716481146363988,1.571817547286091,3.554362728345913,3.998531431170064,6.475571188321708,0.6363636363636364,0.7613636363636364
v1000_only_random,8,cuda_density_aware_local_krr,train,408,target3_delta05_a1e-4_g0p03+trig_x2_a3e-4_g0p05+target05_trig2_a3e-4_g0p05+target_x2_a1e-3_g0p15,adaptive_residual,5,0.5,0.5,cuda,NVIDIA GeForce RTX 2070 SUPER,1.191352427357138,0.968450057241228,2.428492353699686,2.7386648996591276,5.038742466400441,0.8406862745098039,0.9240196078431373
v1000_only_random,8,cuda_density_aware_local_krr,valid,88,target3_delta05_a1e-4_g0p03+trig_x2_a3e-4_g0p05+target05_trig2_a3e-4_g0p05+target_x2_a1e-3_g0p15,adaptive_residual,5,0.5,0.5,cuda,NVIDIA GeForce RTX 2070 SUPER,1.706831691486898,1.3696395429864041,3.1012164218325555,4.427442456496625,10.322577943201866,0.6931818181818182,0.8409090909090909
v1000_only_random,8,cuda_density_aware_local_krr,test,88,target3_delta05_a1e-4_g0p03+trig_x2_a3e-4_g0p05+target05_trig2_a3e-4_g0p05+target_x2_a1e-3_g0p15,adaptive_residual,5,0.5,0.5,cuda,NVIDIA GeForce RTX 2070 SUPER,1.9539716999459031,1.434060030482552,3.5763745605241484,5.045695707112147,11.938175828864301,0.625,0.7727272727272727
v1000_only_random,9,cuda_density_aware_local_krr,train,408,target_x3_a1e-4_g0p03+trig_x2_a1e-4_g0p03,adaptive_residual,5,0.5,1.0,cuda,NVIDIA GeForce RTX 2070 SUPER,1.2728157053364355,1.0697441491779132,2.4956072649134815,3.039147462524562,5.981942711061254,0.8382352941176471,0.9019607843137255
v1000_only_random,9,cuda_density_aware_local_krr,valid,88,target_x3_a1e-4_g0p03+trig_x2_a1e-4_g0p03,adaptive_residual,5,0.5,1.0,cuda,NVIDIA GeForce RTX 2070 SUPER,2.1588008778699947,1.7947008651333543,4.200489214007728,5.157185845849358,6.303153027674705,0.5795454545454546,0.6818181818181818
v1000_only_random,9,cuda_density_aware_local_krr,test,88,target_x3_a1e-4_g0p03+trig_x2_a1e-4_g0p03,adaptive_residual,5,0.5,1.0,cuda,NVIDIA GeForce RTX 2070 SUPER,2.298326995232406,1.6616542712694404,4.831765029554752,6.2470275497765,10.666451677311475,0.5795454545454546,0.6818181818181818
v1000_only_random,10,cuda_density_aware_local_krr,train,408,target05_trig2_a3e-4_g0p05,adaptive_residual,5,0.5,1.0,cuda,NVIDIA GeForce RTX 2070 SUPER,1.3416224808076067,1.0281588479331605,2.667397479666327,3.495142629692887,5.023091471829562,0.7892156862745098,0.8700980392156863
v1000_only_random,10,cuda_density_aware_local_krr,valid,88,target05_trig2_a3e-4_g0p05,adaptive_residual,5,0.5,1.0,cuda,NVIDIA GeForce RTX 2070 SUPER,1.8924907316164934,1.6699607919035897,3.503012604280903,4.387524657342685,8.058245253183337,0.6363636363636364,0.7840909090909091
v1000_only_random,10,cuda_density_aware_local_krr,test,88,target05_trig2_a3e-4_g0p05,adaptive_residual,5,0.5,1.0,cuda,NVIDIA GeForce RTX 2070 SUPER,1.8519048818084878,1.3915883702557463,3.330381560098002,4.4896688228573565,8.336136938566149,0.6477272727272727,0.7840909090909091
v1000_only_random,11,cuda_density_aware_local_krr,train,408,target3_delta05_a1e-4_g0p03+target3_delta05_a3e-4_g0p03+target_x3_a1e-4_g0p03+target_x2_a1e-3_g0p15,adaptive_residual,5,0.5,0.5,cuda,NVIDIA GeForce RTX 2070 SUPER,1.2202252431208824,0.9816349848963064,2.4524700947821367,3.0977648613927617,5.099323336701369,0.8529411764705882,0.9093137254901961
v1000_only_random,11,cuda_density_aware_local_krr,valid,88,target3_delta05_a1e-4_g0p03+target3_delta05_a3e-4_g0p03+target_x3_a1e-4_g0p03+target_x2_a1e-3_g0p15,adaptive_residual,5,0.5,0.5,cuda,NVIDIA GeForce RTX 2070 SUPER,2.025760427064355,1.5180787901850095,3.99585689384396,5.364845510903921,6.866997116345968,0.625,0.7386363636363636
v1000_only_random,11,cuda_density_aware_local_krr,test,88,target3_delta05_a1e-4_g0p03+target3_delta05_a3e-4_g0p03+target_x3_a1e-4_g0p03+target_x2_a1e-3_g0p15,adaptive_residual,5,0.5,0.5,cuda,NVIDIA GeForce RTX 2070 SUPER,2.1884143970053844,1.630784295442909,4.135960707920284,5.444428250383536,7.786781090172202,0.5681818181818182,0.6704545454545454
v1000_only_random,12,cuda_density_aware_local_krr,train,408,target3_delta05_a3e-4_g0p03+trig_x2_a1e-4_g0p03+target_x2_a1e-3_g0p15,adaptive_residual,5,0.5,1.0,cuda,NVIDIA GeForce RTX 2070 SUPER,1.2657796897192513,1.0280770477000327,2.4832084740860267,2.9935549694158077,5.808802518429499,0.821078431372549,0.8995098039215687
v1000_only_random,12,cuda_density_aware_local_krr,valid,88,target3_delta05_a3e-4_g0p03+trig_x2_a1e-4_g0p03+target_x2_a1e-3_g0p15,adaptive_residual,5,0.5,1.0,cuda,NVIDIA GeForce RTX 2070 SUPER,1.7497867305413308,1.5438252094326663,3.093712741257101,3.9906977396162784,7.858722210211709,0.6931818181818182,0.8295454545454546
v1000_only_random,12,cuda_density_aware_local_krr,test,88,target3_delta05_a3e-4_g0p03+trig_x2_a1e-4_g0p03+target_x2_a1e-3_g0p15,adaptive_residual,5,0.5,1.0,cuda,NVIDIA GeForce RTX 2070 SUPER,2.5174859126764884,1.5267352813127326,4.224378611002789,5.946232588654614,27.15648170093122,0.6136363636363636,0.7159090909090909
v1000_only_random,13,cuda_density_aware_local_krr,train,408,target3_delta05_a1e-4_g0p03+target_x3_a1e-4_g0p03+target_x2_a1e-4_g0p07,adaptive_residual,5,0.5,1.0,cuda,NVIDIA GeForce RTX 2070 SUPER,1.2526652956738809,0.996287859432217,2.4329194930902593,3.0363461210559364,5.7367144023086825,0.8259803921568627,0.9093137254901961
v1000_only_random,13,cuda_density_aware_local_krr,valid,88,target3_delta05_a1e-4_g0p03+target_x3_a1e-4_g0p03+target_x2_a1e-4_g0p07,adaptive_residual,5,0.5,1.0,cuda,NVIDIA GeForce RTX 2070 SUPER,1.9840224223878877,1.6918019432245357,3.765209938499986,4.6274499848645405,7.28395256938161,0.625,0.7386363636363636
v1000_only_random,13,cuda_density_aware_local_krr,test,88,target3_delta05_a1e-4_g0p03+target_x3_a1e-4_g0p03+target_x2_a1e-4_g0p07,adaptive_residual,5,0.5,1.0,cuda,NVIDIA GeForce RTX 2070 SUPER,1.9359462897284927,1.5677010531088342,3.585918965469531,4.1533046925609085,7.720234087920388,0.6477272727272727,0.7272727272727273
v1000_only_random,14,cuda_density_aware_local_krr,train,408,target3_delta05_a3e-4_g0p03+target_x2_a1e-4_g0p07,adaptive_residual,5,0.5,0.5,cuda,NVIDIA GeForce RTX 2070 SUPER,1.271205009120966,1.0244484075768536,2.4917665375544535,3.0827508596731352,4.7826610963778124,0.8357843137254902,0.8995098039215687
v1000_only_random,14,cuda_density_aware_local_krr,valid,88,target3_delta05_a3e-4_g0p03+target_x2_a1e-4_g0p07,adaptive_residual,5,0.5,0.5,cuda,NVIDIA GeForce RTX 2070 SUPER,1.9452536202789632,1.5872890041794543,3.6973971312605234,4.858636190297138,10.194928448465168,0.6590909090909091,0.7954545454545454
v1000_only_random,14,cuda_density_aware_local_krr,test,88,target3_delta05_a3e-4_g0p03+target_x2_a1e-4_g0p07,adaptive_residual,5,0.5,0.5,cuda,NVIDIA GeForce RTX 2070 SUPER,2.0720169951085095,1.7657238871311856,3.727887116830011,4.571581029600107,9.185483893829039,0.6022727272727273,0.6931818181818182
v1000_only_random,15,cuda_density_aware_local_krr,train,408,target3_delta05_a3e-4_g0p03+trig_x2_a1e-4_g0p03+target_x2_a1e-4_g0p07,adaptive_residual,5,0.5,0.75,cuda,NVIDIA GeForce RTX 2070 SUPER,1.2796337523504524,1.0418356728230003,2.507894295020402,3.1259105667008042,7.098359680903382,0.8455882352941176,0.8946078431372549
v1000_only_random,15,cuda_density_aware_local_krr,valid,88,target3_delta05_a3e-4_g0p03+trig_x2_a1e-4_g0p03+target_x2_a1e-4_g0p07,adaptive_residual,5,0.5,0.75,cuda,NVIDIA GeForce RTX 2070 SUPER,1.9013543485485067,1.4498725188705104,3.7592907044424173,4.637941701453382,8.671169621669828,0.6590909090909091,0.7613636363636364
v1000_only_random,15,cuda_density_aware_local_krr,test,88,target3_delta05_a3e-4_g0p03+trig_x2_a1e-4_g0p03+target_x2_a1e-4_g0p07,adaptive_residual,5,0.5,0.75,cuda,NVIDIA GeForce RTX 2070 SUPER,2.0727050320732334,1.4457409707192417,3.9287721066638945,4.588779790187587,14.408512215871662,0.6363636363636364,0.7272727272727273
v1000_only_random,16,cuda_density_aware_local_krr,train,408,target3_delta05_a3e-4_g0p03+trig_x2_a1e-4_g0p03+target05_trig2_a3e-4_g0p05,adaptive_residual,5,0.5,1.0,cuda,NVIDIA GeForce RTX 2070 SUPER,1.3927268036897478,1.049024475879643,2.931881206872662,3.622939405739588,6.67564276612486,0.7818627450980392,0.8553921568627451
v1000_only_random,16,cuda_density_aware_local_krr,valid,88,target3_delta05_a3e-4_g0p03+trig_x2_a1e-4_g0p03+target05_trig2_a3e-4_g0p05,adaptive_residual,5,0.5,1.0,cuda,NVIDIA GeForce RTX 2070 SUPER,1.8424794453268925,1.5237051142058697,3.8739969369337866,4.837766168702567,7.632557001336916,0.6590909090909091,0.7954545454545454
v1000_only_random,16,cuda_density_aware_local_krr,test,88,target3_delta05_a3e-4_g0p03+trig_x2_a1e-4_g0p03+target05_trig2_a3e-4_g0p05,adaptive_residual,5,0.5,1.0,cuda,NVIDIA GeForce RTX 2070 SUPER,1.80863978970173,1.4496238038339198,3.662051127172788,4.27273414371802,5.830885191909661,0.6931818181818182,0.7613636363636364
v1000_only_random,17,cuda_density_aware_local_krr,train,408,target3_delta05_a1e-4_g0p03+target3_delta05_a3e-4_g0p03+target05_trig2_a3e-4_g0p05+target_x2_a1e-4_g0p07+target_x2_a1e-3_g0p15,adaptive_residual,5,0.5,0.75,cuda,NVIDIA GeForce RTX 2070 SUPER,1.2608422003317872,0.9976779814805231,2.5801956258931713,3.0278255514300247,6.382646628988116,0.8161764705882353,0.8897058823529411
v1000_only_random,17,cuda_density_aware_local_krr,valid,88,target3_delta05_a1e-4_g0p03+target3_delta05_a3e-4_g0p03+target05_trig2_a3e-4_g0p05+target_x2_a1e-4_g0p07+target_x2_a1e-3_g0p15,adaptive_residual,5,0.5,0.75,cuda,NVIDIA GeForce RTX 2070 SUPER,1.887705805585332,1.543098643617236,4.118430000227037,4.282980731851463,5.130935846446878,0.6363636363636364,0.7727272727272727
v1000_only_random,17,cuda_density_aware_local_krr,test,88,target3_delta05_a1e-4_g0p03+target3_delta05_a3e-4_g0p03+target05_trig2_a3e-4_g0p05+target_x2_a1e-4_g0p07+target_x2_a1e-3_g0p15,adaptive_residual,5,0.5,0.75,cuda,NVIDIA GeForce RTX 2070 SUPER,1.958937852848531,1.4074588781283244,3.9659029755077997,5.2480791576881645,7.777251971662306,0.6818181818181818,0.7386363636363636
v1000_only_random,18,cuda_density_aware_local_krr,train,408,target_x3_a1e-4_g0p03+trig_x2_a1e-4_g0p03+target_x2_a1e-3_g0p15,adaptive_residual,5,0.5,1.0,cuda,NVIDIA GeForce RTX 2070 SUPER,1.213580804075664,1.0254912661267315,2.3607936052977534,2.9353263341919984,4.5569416651336905,0.8431372549019608,0.9240196078431373
v1000_only_random,18,cuda_density_aware_local_krr,valid,88,target_x3_a1e-4_g0p03+trig_x2_a1e-4_g0p03+target_x2_a1e-3_g0p15,adaptive_residual,5,0.5,1.0,cuda,NVIDIA GeForce RTX 2070 SUPER,2.0264191315348783,1.6860732590186256,3.66405062464773,4.663503031139441,11.071836176696687,0.6136363636363636,0.7386363636363636
v1000_only_random,18,cuda_density_aware_local_krr,test,88,target_x3_a1e-4_g0p03+trig_x2_a1e-4_g0p03+target_x2_a1e-3_g0p15,adaptive_residual,5,0.5,1.0,cuda,NVIDIA GeForce RTX 2070 SUPER,1.8128882959597732,1.451804992642019,3.3939710715620848,4.477181118022581,6.515770775475529,0.6931818181818182,0.7840909090909091
v1000_only_random,19,cuda_density_aware_local_krr,train,408,target3_delta05_a1e-4_g0p03+trig_x2_a1e-4_g0p03+target_x2_a1e-4_g0p07,adaptive_residual,10,0.5,1.0,cuda,NVIDIA GeForce RTX 2070 SUPER,1.2331651371760144,0.9926769140877072,2.3959379151839895,3.1043944990421806,5.966116496963637,0.8382352941176471,0.9068627450980392
v1000_only_random,19,cuda_density_aware_local_krr,valid,88,target3_delta05_a1e-4_g0p03+trig_x2_a1e-4_g0p03+target_x2_a1e-4_g0p07,adaptive_residual,10,0.5,1.0,cuda,NVIDIA GeForce RTX 2070 SUPER,2.005364209587858,1.5109843388677704,4.260618148606561,4.8578026620835075,7.12310321535511,0.6022727272727273,0.7386363636363636
v1000_only_random,19,cuda_density_aware_local_krr,test,88,target3_delta05_a1e-4_g0p03+trig_x2_a1e-4_g0p03+target_x2_a1e-4_g0p07,adaptive_residual,10,0.5,1.0,cuda,NVIDIA GeForce RTX 2070 SUPER,1.9487859700811017,1.5248646978223102,3.6798411751246354,4.3044929065513795,10.079236512970162,0.6363636363636364,0.7272727272727273
v1000_only_random,20,cuda_density_aware_local_krr,train,408,target3_delta05_a1e-4_g0p03+trig_x2_a1e-4_g0p03+target_x2_a1e-3_g0p15,adaptive_residual,5,0.5,1.0,cuda,NVIDIA GeForce RTX 2070 SUPER,1.2083435939461629,0.9530824396937299,2.312417118893194,3.0977707741918774,5.962437192073429,0.8553921568627451,0.9166666666666666
v1000_only_random,20,cuda_density_aware_local_krr,valid,88,target3_delta05_a1e-4_g0p03+trig_x2_a1e-4_g0p03+target_x2_a1e-3_g0p15,adaptive_residual,5,0.5,1.0,cuda,NVIDIA GeForce RTX 2070 SUPER,2.0632009897814867,1.5221988431318527,4.061030565718234,5.2282117595902795,10.204982720503192,0.6136363636363636,0.6931818181818182
v1000_only_random,20,cuda_density_aware_local_krr,test,88,target3_delta05_a1e-4_g0p03+trig_x2_a1e-4_g0p03+target_x2_a1e-3_g0p15,adaptive_residual,5,0.5,1.0,cuda,NVIDIA GeForce RTX 2070 SUPER,1.9052851738253764,1.3015940816290477,4.348617315137256,5.843048952340713,6.323887935030306,0.6818181818181818,0.7386363636363636
v1000_only_random,21,cuda_density_aware_local_krr,train,408,target3_delta05_a3e-4_g0p03+trig_x2_a1e-4_g0p03+target05_trig2_a3e-4_g0p05+target_x2_a1e-3_g0p15,adaptive_residual,5,0.5,0.75,cuda,NVIDIA GeForce RTX 2070 SUPER,1.3562001772084304,1.0769457876957653,2.77348580468204,3.408720927142192,6.386525033504347,0.8186274509803921,0.8823529411764706
v1000_only_random,21,cuda_density_aware_local_krr,valid,88,target3_delta05_a3e-4_g0p03+trig_x2_a1e-4_g0p03+target05_trig2_a3e-4_g0p05+target_x2_a1e-3_g0p15,adaptive_residual,5,0.5,0.75,cuda,NVIDIA GeForce RTX 2070 SUPER,1.7941626871336,1.3898605862164057,3.291233321481754,3.9254024449536473,5.582506879667999,0.7045454545454546,0.75
v1000_only_random,21,cuda_density_aware_local_krr,test,88,target3_delta05_a3e-4_g0p03+trig_x2_a1e-4_g0p03+target05_trig2_a3e-4_g0p05+target_x2_a1e-3_g0p15,adaptive_residual,5,0.5,0.75,cuda,NVIDIA GeForce RTX 2070 SUPER,1.6304162211024353,1.4551363899934584,2.9320906572548044,3.286674064406279,5.6314148266772674,0.6931818181818182,0.8181818181818182
v1000_only_random,22,cuda_density_aware_local_krr,train,408,target3_delta05_a1e-4_g0p03+trig_x2_a3e-4_g0p05+trig_x2_a1e-4_g0p03+target_x2_a1e-4_g0p07,adaptive_residual,5,0.75,1.0,cuda,NVIDIA GeForce RTX 2070 SUPER,1.2653544732228637,0.9898831436076445,2.5112146014445016,3.045646347236177,7.012529207607515,0.8406862745098039,0.8970588235294118
v1000_only_random,22,cuda_density_aware_local_krr,valid,88,target3_delta05_a1e-4_g0p03+trig_x2_a3e-4_g0p05+trig_x2_a1e-4_g0p03+target_x2_a1e-4_g0p07,adaptive_residual,5,0.75,1.0,cuda,NVIDIA GeForce RTX 2070 SUPER,1.881134921652518,1.552323074975663,3.3598087625586563,5.0496712152025065,6.589699594652821,0.6363636363636364,0.75
v1000_only_random,22,cuda_density_aware_local_krr,test,88,target3_delta05_a1e-4_g0p03+trig_x2_a3e-4_g0p05+trig_x2_a1e-4_g0p03+target_x2_a1e-4_g0p07,adaptive_residual,5,0.75,1.0,cuda,NVIDIA GeForce RTX 2070 SUPER,1.8919784483246553,1.486917781569773,3.831783655937397,4.3755693407261695,10.24754893719803,0.6818181818181818,0.75
v1000_only_random,23,cuda_density_aware_local_krr,train,408,target3_delta05_a3e-4_g0p03+trig_x2_a1e-4_g0p03,adaptive_residual,5,0.5,0.75,cuda,NVIDIA GeForce RTX 2070 SUPER,1.4425311040559055,1.1505855862015428,2.7556931292514366,3.5294733438710195,5.5459402297505,0.7794117647058824,0.8799019607843137
v1000_only_random,23,cuda_density_aware_local_krr,valid,88,target3_delta05_a3e-4_g0p03+trig_x2_a1e-4_g0p03,adaptive_residual,5,0.5,0.75,cuda,NVIDIA GeForce RTX 2070 SUPER,1.8267898178502426,1.4025549660090608,3.345293761997447,4.040526937602989,8.88715461271534,0.6590909090909091,0.7840909090909091
v1000_only_random,23,cuda_density_aware_local_krr,test,88,target3_delta05_a3e-4_g0p03+trig_x2_a1e-4_g0p03,adaptive_residual,5,0.5,0.75,cuda,NVIDIA GeForce RTX 2070 SUPER,2.022815990566194,1.6697237722272842,3.938156738598229,4.733279714870379,7.556199938597004,0.5795454545454546,0.7272727272727273
v1000_only_random,24,cuda_density_aware_local_krr,train,408,target3_delta05_a1e-4_g0p03+target3_delta05_a3e-4_g0p03+target_x3_a1e-4_g0p03+trig_x2_a3e-4_g0p05+trig_x2_a1e-4_g0p03,adaptive_residual,5,0.5,1.0,cuda,NVIDIA GeForce RTX 2070 SUPER,1.3436771406124988,1.0767382865980468,2.7544975943160135,3.309136060865904,6.484765588340894,0.8088235294117647,0.8774509803921569
v1000_only_random,24,cuda_density_aware_local_krr,valid,88,target3_delta05_a1e-4_g0p03+target3_delta05_a3e-4_g0p03+target_x3_a1e-4_g0p03+trig_x2_a3e-4_g0p05+trig_x2_a1e-4_g0p03,adaptive_residual,5,0.5,1.0,cuda,NVIDIA GeForce RTX 2070 SUPER,1.9971859208692821,1.553878015897535,4.127256220389094,4.728438767760015,7.8167952634848135,0.6590909090909091,0.7386363636363636
v1000_only_random,24,cuda_density_aware_local_krr,test,88,target3_delta05_a1e-4_g0p03+target3_delta05_a3e-4_g0p03+target_x3_a1e-4_g0p03+trig_x2_a3e-4_g0p05+trig_x2_a1e-4_g0p03,adaptive_residual,5,0.5,1.0,cuda,NVIDIA GeForce RTX 2070 SUPER,1.983352422002052,1.5165713228812723,3.6912797774743575,5.418719157189148,9.136694428701826,0.6477272727272727,0.75
v1000_only_random,25,cuda_density_aware_local_krr,train,408,target3_delta05_a1e-4_g0p03+target_x3_a1e-4_g0p03+trig_x2_a1e-4_g0p03,adaptive_residual,5,0.5,1.0,cuda,NVIDIA GeForce RTX 2070 SUPER,1.3196464315195828,1.0537054853739098,2.4508148952563045,3.57338574930548,6.691374785493946,0.8333333333333334,0.9019607843137255
v1000_only_random,25,cuda_density_aware_local_krr,valid,88,target3_delta05_a1e-4_g0p03+target_x3_a1e-4_g0p03+trig_x2_a1e-4_g0p03,adaptive_residual,5,0.5,1.0,cuda,NVIDIA GeForce RTX 2070 SUPER,1.9475510953425192,1.5049157106045896,3.293678658979891,5.218831383857905,10.878154223470439,0.6704545454545454,0.7613636363636364
v1000_only_random,25,cuda_density_aware_local_krr,test,88,target3_delta05_a1e-4_g0p03+target_x3_a1e-4_g0p03+trig_x2_a1e-4_g0p03,adaptive_residual,5,0.5,1.0,cuda,NVIDIA GeForce RTX 2070 SUPER,2.0900125716157416,1.6880481213328116,3.770031545161357,5.083842771395736,8.758321506358838,0.625,0.7272727272727273
v1000_only_random,26,cuda_density_aware_local_krr,train,408,target3_delta05_a1e-4_g0p03+target3_delta05_a3e-4_g0p03+target05_trig2_a3e-4_g0p05,adaptive_residual,5,0.5,0.75,cuda,NVIDIA GeForce RTX 2070 SUPER,1.3378094656702428,1.0500917909966991,2.5859278120074385,3.0825918038547773,6.0448322347900065,0.7965686274509803,0.8823529411764706
v1000_only_random,26,cuda_density_aware_local_krr,valid,88,target3_delta05_a1e-4_g0p03+target3_delta05_a3e-4_g0p03+target05_trig2_a3e-4_g0p05,adaptive_residual,5,0.5,0.75,cuda,NVIDIA GeForce RTX 2070 SUPER,2.065537992035944,1.7064759060746213,3.7838073407148642,4.608850771434486,11.872281224043713,0.6136363636363636,0.7386363636363636
v1000_only_random,26,cuda_density_aware_local_krr,test,88,target3_delta05_a1e-4_g0p03+target3_delta05_a3e-4_g0p03+target05_trig2_a3e-4_g0p05,adaptive_residual,5,0.5,0.75,cuda,NVIDIA GeForce RTX 2070 SUPER,2.0225167963855,1.5630017514854662,3.9920048074916066,4.880848631085889,7.545885054046835,0.6022727272727273,0.75
v1000_only_random,27,cuda_density_aware_local_krr,train,408,target3_delta05_a1e-4_g0p03+target_x3_a1e-4_g0p03+trig_x2_a3e-4_g0p05+trig_x2_a1e-4_g0p03+target_x2_a1e-4_g0p07,adaptive_residual,5,0.5,0.5,cuda,NVIDIA GeForce RTX 2070 SUPER,1.2491743822967771,0.9705371626025456,2.568684010094379,3.211409484747041,6.229182995980227,0.8406862745098039,0.8897058823529411
v1000_only_random,27,cuda_density_aware_local_krr,valid,88,target3_delta05_a1e-4_g0p03+target_x3_a1e-4_g0p03+trig_x2_a3e-4_g0p05+trig_x2_a1e-4_g0p03+target_x2_a1e-4_g0p07,adaptive_residual,5,0.5,0.5,cuda,NVIDIA GeForce RTX 2070 SUPER,1.7127576071090436,1.5575556168841729,3.0372165276661534,4.1214917359794185,5.025524829942136,0.625,0.8068181818181818
v1000_only_random,27,cuda_density_aware_local_krr,test,88,target3_delta05_a1e-4_g0p03+target_x3_a1e-4_g0p03+trig_x2_a3e-4_g0p05+trig_x2_a1e-4_g0p03+target_x2_a1e-4_g0p07,adaptive_residual,5,0.5,0.5,cuda,NVIDIA GeForce RTX 2070 SUPER,2.1033159875038447,1.8707775062854344,3.801637116919909,5.01543688455265,6.401217994287637,0.5227272727272727,0.7045454545454546
v1000_only_random,28,cuda_density_aware_local_krr,train,408,target3_delta05_a1e-4_g0p03,adaptive_residual,5,0.5,0.75,cuda,NVIDIA GeForce RTX 2070 SUPER,1.3655050541770688,1.1410074930618401,2.479662102842532,3.131781721527195,5.187615373766624,0.8137254901960784,0.9068627450980392
v1000_only_random,28,cuda_density_aware_local_krr,valid,88,target3_delta05_a1e-4_g0p03,adaptive_residual,5,0.5,0.75,cuda,NVIDIA GeForce RTX 2070 SUPER,1.7488380039003966,1.4502653379941566,3.197194051599762,4.137622067460443,5.691106620297543,0.6931818181818182,0.7954545454545454
v1000_only_random,28,cuda_density_aware_local_krr,test,88,target3_delta05_a1e-4_g0p03,adaptive_residual,5,0.5,0.75,cuda,NVIDIA GeForce RTX 2070 SUPER,1.9647591925411156,1.675393248051856,3.4481576031563694,4.3001878794309265,7.153272355882935,0.5795454545454546,0.75
v1000_only_random,29,cuda_density_aware_local_krr,train,408,target3_delta05_a1e-4_g0p03+target3_delta05_a3e-4_g0p03+trig_x2_a1e-4_g0p03+target_x2_a1e-3_g0p15,adaptive_residual,5,0.5,1.0,cuda,NVIDIA GeForce RTX 2070 SUPER,1.245286464885351,1.0014955316258964,2.5230544889071047,3.139741713333114,6.207632987039255,0.8529411764705882,0.8970588235294118
v1000_only_random,29,cuda_density_aware_local_krr,valid,88,target3_delta05_a1e-4_g0p03+target3_delta05_a3e-4_g0p03+trig_x2_a1e-4_g0p03+target_x2_a1e-3_g0p15,adaptive_residual,5,0.5,1.0,cuda,NVIDIA GeForce RTX 2070 SUPER,2.1707758973896496,1.6025631444310404,4.208353904747991,5.768906737123953,8.385662475134485,0.5454545454545454,0.7272727272727273
v1000_only_random,29,cuda_density_aware_local_krr,test,88,target3_delta05_a1e-4_g0p03+target3_delta05_a3e-4_g0p03+trig_x2_a1e-4_g0p03+target_x2_a1e-3_g0p15,adaptive_residual,5,0.5,1.0,cuda,NVIDIA GeForce RTX 2070 SUPER,1.9007702463879077,1.3943487410227267,3.758626118220527,4.5227931804108605,11.501585295289255,0.6704545454545454,0.7727272727272727
v1000_only_random,30,cuda_density_aware_local_krr,train,408,target3_delta05_a1e-4_g0p03,adaptive_residual,5,0.5,0.75,cuda,NVIDIA GeForce RTX 2070 SUPER,1.2996874775824077,1.1189814322704001,2.4469272280939394,2.945870612026934,5.198978224592466,0.8406862745098039,0.9093137254901961
v1000_only_random,30,cuda_density_aware_local_krr,valid,88,target3_delta05_a1e-4_g0p03,adaptive_residual,5,0.5,0.75,cuda,NVIDIA GeForce RTX 2070 SUPER,2.231630178289942,1.6637319847605445,5.055514619372549,5.629244534380313,9.195513094089076,0.5568181818181818,0.6590909090909091
v1000_only_random,30,cuda_density_aware_local_krr,test,88,target3_delta05_a1e-4_g0p03,adaptive_residual,5,0.5,0.75,cuda,NVIDIA GeForce RTX 2070 SUPER,1.8912808380436013,1.50279125672755,3.6780575988416033,4.403809450261083,8.825376646481045,0.6477272727272727,0.7386363636363636
v1000_only_random,31,cuda_density_aware_local_krr,train,408,target3_delta05_a1e-4_g0p03+trig_x2_a1e-4_g0p03+target_x2_a1e-4_g0p07,adaptive_residual,5,0.5,1.0,cuda,NVIDIA GeForce RTX 2070 SUPER,1.2743629095392652,0.9930557730479548,2.5821064156057503,3.405571201889666,6.434944852883049,0.8357843137254902,0.8946078431372549
v1000_only_random,31,cuda_density_aware_local_krr,valid,88,target3_delta05_a1e-4_g0p03+trig_x2_a1e-4_g0p03+target_x2_a1e-4_g0p07,adaptive_residual,5,0.5,1.0,cuda,NVIDIA GeForce RTX 2070 SUPER,2.0195597506120078,1.5426714704395277,4.072562946406577,4.888111512376839,12.329285965960231,0.6704545454545454,0.7613636363636364
v1000_only_random,31,cuda_density_aware_local_krr,test,88,target3_delta05_a1e-4_g0p03+trig_x2_a1e-4_g0p03+target_x2_a1e-4_g0p07,adaptive_residual,5,0.5,1.0,cuda,NVIDIA GeForce RTX 2070 SUPER,2.2071624924347835,1.6086011044108552,3.8393418529513967,6.4403730655519835,20.2656902930249,0.625,0.7159090909090909
v1000_only_random,32,cuda_density_aware_local_krr,train,408,target3_delta05_a1e-4_g0p03+target_x2_a1e-4_g0p07,adaptive_residual,5,0.5,0.75,cuda,NVIDIA GeForce RTX 2070 SUPER,1.2579698075654462,1.000967200163454,2.4991972497229296,3.2172839989417397,5.44361286520825,0.8406862745098039,0.8995098039215687
v1000_only_random,32,cuda_density_aware_local_krr,valid,88,target3_delta05_a1e-4_g0p03+target_x2_a1e-4_g0p07,adaptive_residual,5,0.5,0.75,cuda,NVIDIA GeForce RTX 2070 SUPER,1.99551933758453,1.5645865461708786,3.7811240529380976,4.799951108493799,12.423085892459406,0.6477272727272727,0.7045454545454546
v1000_only_random,32,cuda_density_aware_local_krr,test,88,target3_delta05_a1e-4_g0p03+target_x2_a1e-4_g0p07,adaptive_residual,5,0.5,0.75,cuda,NVIDIA GeForce RTX 2070 SUPER,2.2104922429229816,1.4289575031313098,4.37419131897604,5.839635923585051,19.26172346948635,0.6022727272727273,0.7045454545454546
v1000_only_random,33,cuda_density_aware_local_krr,train,408,target3_delta05_a1e-4_g0p03+target_x3_a1e-4_g0p03+trig_x2_a1e-4_g0p03,adaptive_residual,5,0.5,0.75,cuda,NVIDIA GeForce RTX 2070 SUPER,1.2190181443939805,0.953662517847734,2.5183527483160715,2.9077586489670986,5.946437536992214,0.8455882352941176,0.8946078431372549
v1000_only_random,33,cuda_density_aware_local_krr,valid,88,target3_delta05_a1e-4_g0p03+target_x3_a1e-4_g0p03+trig_x2_a1e-4_g0p03,adaptive_residual,5,0.5,0.75,cuda,NVIDIA GeForce RTX 2070 SUPER,2.1268634773750956,1.5974012652149745,4.5583809701629585,5.635548365702563,9.34020558643313,0.6136363636363636,0.7272727272727273
v1000_only_random,33,cuda_density_aware_local_krr,test,88,target3_delta05_a1e-4_g0p03+target_x3_a1e-4_g0p03+trig_x2_a1e-4_g0p03,adaptive_residual,5,0.5,0.75,cuda,NVIDIA GeForce RTX 2070 SUPER,2.0987289372345383,1.498737469578736,4.43014476914888,5.98495907390312,11.076013179680038,0.6590909090909091,0.75
v1000_only_random,34,cuda_density_aware_local_krr,train,408,trig_x2_a3e-4_g0p05+trig_x2_a1e-4_g0p03+target05_trig2_a3e-4_g0p05+target_x2_a1e-4_g0p07+target_x2_a1e-3_g0p15,adaptive_residual,5,0.5,0.75,cuda,NVIDIA GeForce RTX 2070 SUPER,1.162860256127192,0.9321928465449081,2.3007161881284355,2.8018472898932534,5.9391369929917115,0.8578431372549019,0.9264705882352942
v1000_only_random,34,cuda_density_aware_local_krr,valid,88,trig_x2_a3e-4_g0p05+trig_x2_a1e-4_g0p03+target05_trig2_a3e-4_g0p05+target_x2_a1e-4_g0p07+target_x2_a1e-3_g0p15,adaptive_residual,5,0.5,0.75,cuda,NVIDIA GeForce RTX 2070 SUPER,1.8770291754229953,1.5724512383353828,3.428190182601371,4.7358999391494665,5.872348735518442,0.6136363636363636,0.7045454545454546
v1000_only_random,34,cuda_density_aware_local_krr,test,88,trig_x2_a3e-4_g0p05+trig_x2_a1e-4_g0p03+target05_trig2_a3e-4_g0p05+target_x2_a1e-4_g0p07+target_x2_a1e-3_g0p15,adaptive_residual,5,0.5,0.75,cuda,NVIDIA GeForce RTX 2070 SUPER,2.1231429710929888,1.6808291078970403,4.299474606314765,5.389702228851049,9.99875087340008,0.6363636363636364,0.7613636363636364
v1000_only_random,35,cuda_density_aware_local_krr,train,408,target3_delta05_a1e-4_g0p03+target3_delta05_a3e-4_g0p03+trig_x2_a1e-4_g0p03+target05_trig2_a3e-4_g0p05+target_x2_a1e-3_g0p15,adaptive_residual,5,0.5,1.0,cuda,NVIDIA GeForce RTX 2070 SUPER,1.2504018119958145,1.0533640009736076,2.391564676180804,2.9856833121721067,5.112440391453719,0.8455882352941176,0.9191176470588235
v1000_only_random,35,cuda_density_aware_local_krr,valid,88,target3_delta05_a1e-4_g0p03+target3_delta05_a3e-4_g0p03+trig_x2_a1e-4_g0p03+target05_trig2_a3e-4_g0p05+target_x2_a1e-3_g0p15,adaptive_residual,5,0.5,1.0,cuda,NVIDIA GeForce RTX 2070 SUPER,1.9421601172829364,1.498245402506882,3.538024976595592,4.166927775903893,11.577251955144789,0.6136363636363636,0.7386363636363636
v1000_only_random,35,cuda_density_aware_local_krr,test,88,target3_delta05_a1e-4_g0p03+target3_delta05_a3e-4_g0p03+trig_x2_a1e-4_g0p03+target05_trig2_a3e-4_g0p05+target_x2_a1e-3_g0p15,adaptive_residual,5,0.5,1.0,cuda,NVIDIA GeForce RTX 2070 SUPER,2.0456108122191754,1.6167522800266965,4.179745182783014,5.249112918559421,6.238459599891463,0.625,0.7272727272727273
v1000_only_random,36,cuda_density_aware_local_krr,train,408,target3_delta05_a1e-4_g0p03+target_x3_a1e-4_g0p03+target_x2_a1e-3_g0p15,adaptive_residual,5,0.5,1.0,cuda,NVIDIA GeForce RTX 2070 SUPER,1.202092983123198,0.9751461885185684,2.3975650948615024,3.0914754830478097,5.034559313008087,0.8382352941176471,0.9117647058823529
v1000_only_random,36,cuda_density_aware_local_krr,valid,88,target3_delta05_a1e-4_g0p03+target_x3_a1e-4_g0p03+target_x2_a1e-3_g0p15,adaptive_residual,5,0.5,1.0,cuda,NVIDIA GeForce RTX 2070 SUPER,1.6369583058429493,1.4864406377417085,2.801784552599258,3.497434220479206,7.117510484267787,0.7613636363636364,0.8522727272727273
v1000_only_random,36,cuda_density_aware_local_krr,test,88,target3_delta05_a1e-4_g0p03+target_x3_a1e-4_g0p03+target_x2_a1e-3_g0p15,adaptive_residual,5,0.5,1.0,cuda,NVIDIA GeForce RTX 2070 SUPER,2.1577711221462597,1.4618888546598332,4.75801510672862,5.783741894247262,11.41432190351269,0.5909090909090909,0.7272727272727273
v1000_only_random,37,cuda_density_aware_local_krr,train,408,target3_delta05_a1e-4_g0p03+target3_delta05_a3e-4_g0p03+trig_x2_a1e-4_g0p03,adaptive_residual,5,0.5,1.0,cuda,NVIDIA GeForce RTX 2070 SUPER,1.394827462058459,1.1297249155489553,2.671195238798382,3.208081874187735,7.071812172311121,0.7941176470588235,0.8799019607843137
v1000_only_random,37,cuda_density_aware_local_krr,valid,88,target3_delta05_a1e-4_g0p03+target3_delta05_a3e-4_g0p03+trig_x2_a1e-4_g0p03,adaptive_residual,5,0.5,1.0,cuda,NVIDIA GeForce RTX 2070 SUPER,1.9291400964535002,1.58232716042138,3.55872912626903,5.215467677312931,7.316973186456652,0.7045454545454546,0.8181818181818182
v1000_only_random,37,cuda_density_aware_local_krr,test,88,target3_delta05_a1e-4_g0p03+target3_delta05_a3e-4_g0p03+trig_x2_a1e-4_g0p03,adaptive_residual,5,0.5,1.0,cuda,NVIDIA GeForce RTX 2070 SUPER,1.9406195937327722,1.5844725510128188,4.227399325320727,5.410316879182033,6.759074238095955,0.625,0.75
v1000_only_random,38,cuda_density_aware_local_krr,train,408,target3_delta05_a3e-4_g0p03+trig_x2_a1e-4_g0p03+target_x2_a1e-4_g0p07,adaptive_residual,5,0.5,0.5,cuda,NVIDIA GeForce RTX 2070 SUPER,1.2530109645036236,1.0129978976798057,2.565143271812671,3.1052439712021287,5.375243104239255,0.8259803921568627,0.8872549019607843
v1000_only_random,38,cuda_density_aware_local_krr,valid,88,target3_delta05_a3e-4_g0p03+trig_x2_a1e-4_g0p03+target_x2_a1e-4_g0p07,adaptive_residual,5,0.5,0.5,cuda,NVIDIA GeForce RTX 2070 SUPER,1.7416706130973836,1.4199336749549414,3.4259972752486636,4.143922809578941,5.5337310352361415,0.6931818181818182,0.75
v1000_only_random,38,cuda_density_aware_local_krr,test,88,target3_delta05_a3e-4_g0p03+trig_x2_a1e-4_g0p03+target_x2_a1e-4_g0p07,adaptive_residual,5,0.5,0.5,cuda,NVIDIA GeForce RTX 2070 SUPER,2.2075514877612004,1.8165315211074455,4.302423345487266,5.4237974456501625,9.725919227805486,0.6022727272727273,0.6931818181818182
v1000_only_random,39,cuda_density_aware_local_krr,train,408,target3_delta05_a1e-4_g0p03+target05_trig2_a3e-4_g0p05,adaptive_residual,40,3.0,1.0,cuda,NVIDIA GeForce RTX 2070 SUPER,1.3122133726721537,1.0495041123020072,2.6590829667741698,3.3191499610690145,5.10948365879789,0.8137254901960784,0.8799019607843137
v1000_only_random,39,cuda_density_aware_local_krr,valid,88,target3_delta05_a1e-4_g0p03+target05_trig2_a3e-4_g0p05,adaptive_residual,40,3.0,1.0,cuda,NVIDIA GeForce RTX 2070 SUPER,1.9609388803118977,1.409920466031949,4.221003048964222,4.852019156708679,7.029768350181198,0.6704545454545454,0.7386363636363636
v1000_only_random,39,cuda_density_aware_local_krr,test,88,target3_delta05_a1e-4_g0p03+target05_trig2_a3e-4_g0p05,adaptive_residual,40,3.0,1.0,cuda,NVIDIA GeForce RTX 2070 SUPER,1.8507448485144038,1.3271482161474064,3.9211798274412217,4.5289901972690245,6.856097016341888,0.6818181818181818,0.7386363636363636
v1000_only_random,40,cuda_density_aware_local_krr,train,408,target3_delta05_a3e-4_g0p03+trig_x2_a1e-4_g0p03,adaptive_residual,5,0.5,0.75,cuda,NVIDIA GeForce RTX 2070 SUPER,1.4222222287949666,1.1295949373416094,2.7395383036744057,3.515391025497087,5.856574987904745,0.7818627450980392,0.8627450980392157
v1000_only_random,40,cuda_density_aware_local_krr,valid,88,target3_delta05_a3e-4_g0p03+trig_x2_a1e-4_g0p03,adaptive_residual,5,0.5,0.75,cuda,NVIDIA GeForce RTX 2070 SUPER,2.106817082268618,1.699757273806695,3.845873005306942,4.647566575155024,8.416393218690036,0.6022727272727273,0.7386363636363636
v1000_only_random,40,cuda_density_aware_local_krr,test,88,target3_delta05_a3e-4_g0p03+trig_x2_a1e-4_g0p03,adaptive_residual,5,0.5,0.75,cuda,NVIDIA GeForce RTX 2070 SUPER,2.0087410576318137,1.4695175976114172,3.6269295251573097,4.386075276907835,13.207604100002763,0.625,0.7272727272727273
v1000_only_random,41,cuda_density_aware_local_krr,train,408,target3_delta05_a1e-4_g0p03+target3_delta05_a3e-4_g0p03+target_x3_a1e-4_g0p03+target_x2_a1e-3_g0p15,adaptive_residual,20,3.0,1.0,cuda,NVIDIA GeForce RTX 2070 SUPER,1.257565794851499,1.018793899432076,2.420504119240992,2.916914969263228,7.325371733599705,0.8357843137254902,0.9068627450980392
v1000_only_random,41,cuda_density_aware_local_krr,valid,88,target3_delta05_a1e-4_g0p03+target3_delta05_a3e-4_g0p03+target_x3_a1e-4_g0p03+target_x2_a1e-3_g0p15,adaptive_residual,20,3.0,1.0,cuda,NVIDIA GeForce RTX 2070 SUPER,1.7502870111299094,1.482728867416927,3.1127106955728205,4.202751701392952,8.136029868730184,0.6704545454545454,0.7954545454545454
v1000_only_random,41,cuda_density_aware_local_krr,test,88,target3_delta05_a1e-4_g0p03+target3_delta05_a3e-4_g0p03+target_x3_a1e-4_g0p03+target_x2_a1e-3_g0p15,adaptive_residual,20,3.0,1.0,cuda,NVIDIA GeForce RTX 2070 SUPER,2.150916919081172,1.6921808127332278,4.486581010621946,5.36145759208695,6.775367578596949,0.5681818181818182,0.7386363636363636
v1000_only_random,42,cuda_density_aware_local_krr,train,408,target3_delta05_a1e-4_g0p03+target3_delta05_a3e-4_g0p03+trig_x2_a1e-4_g0p03,adaptive_residual,5,0.5,0.75,cuda,NVIDIA GeForce RTX 2070 SUPER,1.3946300354350238,1.1358062264326543,2.6748807067777824,3.286172666907519,6.153656573418492,0.7818627450980392,0.8799019607843137
v1000_only_random,42,cuda_density_aware_local_krr,valid,88,target3_delta05_a1e-4_g0p03+target3_delta05_a3e-4_g0p03+trig_x2_a1e-4_g0p03,adaptive_residual,5,0.5,0.75,cuda,NVIDIA GeForce RTX 2070 SUPER,1.8925956979534198,1.3751526799596672,3.4594627103793627,4.313805960050239,10.762818434224323,0.7159090909090909,0.7954545454545454
v1000_only_random,42,cuda_density_aware_local_krr,test,88,target3_delta05_a1e-4_g0p03+target3_delta05_a3e-4_g0p03+trig_x2_a1e-4_g0p03,adaptive_residual,5,0.5,0.75,cuda,NVIDIA GeForce RTX 2070 SUPER,2.0942735927072245,1.757075150125732,4.186469740742578,5.392084173049982,6.477551769255785,0.5909090909090909,0.7272727272727273
v1000_only_random,43,cuda_density_aware_local_krr,train,408,target3_delta05_a1e-4_g0p03+trig_x2_a1e-4_g0p03+target_x2_a1e-4_g0p07+target_x2_a1e-3_g0p15,adaptive_residual,5,0.5,1.0,cuda,NVIDIA GeForce RTX 2070 SUPER,1.1715618444974545,0.9700451128172696,2.379010279579672,2.93364432725767,4.796024237858348,0.8553921568627451,0.9191176470588235
v1000_only_random,43,cuda_density_aware_local_krr,valid,88,target3_delta05_a1e-4_g0p03+trig_x2_a1e-4_g0p03+target_x2_a1e-4_g0p07+target_x2_a1e-3_g0p15,adaptive_residual,5,0.5,1.0,cuda,NVIDIA GeForce RTX 2070 SUPER,2.218861133328326,1.5355153539048145,5.094358261801462,6.054213652227393,8.711634748051422,0.6477272727272727,0.7272727272727273
v1000_only_random,43,cuda_density_aware_local_krr,test,88,target3_delta05_a1e-4_g0p03+trig_x2_a1e-4_g0p03+target_x2_a1e-4_g0p07+target_x2_a1e-3_g0p15,adaptive_residual,5,0.5,1.0,cuda,NVIDIA GeForce RTX 2070 SUPER,1.8396552658194367,1.5131211269314644,3.4883813557766103,4.13261904065715,7.0181333454924495,0.6931818181818182,0.7613636363636364
v1000_only_random,44,cuda_density_aware_local_krr,train,408,target_x3_a1e-4_g0p03+trig_x2_a1e-4_g0p03+target05_trig2_a3e-4_g0p05+target_x2_a1e-4_g0p07,adaptive_residual,5,0.5,0.25,cuda,NVIDIA GeForce RTX 2070 SUPER,1.2415083611612492,1.0130713382790195,2.4995643309962166,3.0769868626866477,5.738612844224151,0.8333333333333334,0.8995098039215687
v1000_only_random,44,cuda_density_aware_local_krr,valid,88,target_x3_a1e-4_g0p03+trig_x2_a1e-4_g0p03+target05_trig2_a3e-4_g0p05+target_x2_a1e-4_g0p07,adaptive_residual,5,0.5,0.25,cuda,NVIDIA GeForce RTX 2070 SUPER,1.9276789884583714,1.321816145044144,3.933345330060727,5.125190184620014,8.165843554029792,0.6818181818181818,0.7159090909090909
v1000_only_random,44,cuda_density_aware_local_krr,test,88,target_x3_a1e-4_g0p03+trig_x2_a1e-4_g0p03+target05_trig2_a3e-4_g0p05+target_x2_a1e-4_g0p07,adaptive_residual,5,0.5,0.25,cuda,NVIDIA GeForce RTX 2070 SUPER,2.032197018639944,1.9468745212518512,4.082619001078065,5.264599586765458,5.695018459113943,0.5227272727272727,0.6818181818181818
v1000_only_random,45,cuda_density_aware_local_krr,train,408,target3_delta05_a1e-4_g0p03+trig_x2_a1e-4_g0p03+target_x2_a1e-4_g0p07,adaptive_residual,5,0.5,1.0,cuda,NVIDIA GeForce RTX 2070 SUPER,1.232175302168819,0.9665102240716943,2.550521552856387,3.119122575410871,7.018221214367333,0.8357843137254902,0.8970588235294118
v1000_only_random,45,cuda_density_aware_local_krr,valid,88,target3_delta05_a1e-4_g0p03+trig_x2_a1e-4_g0p03+target_x2_a1e-4_g0p07,adaptive_residual,5,0.5,1.0,cuda,NVIDIA GeForce RTX 2070 SUPER,1.9477660717677046,1.5229310490354764,3.902088220816501,4.984135735005631,6.671959932866295,0.6136363636363636,0.75
v1000_only_random,45,cuda_density_aware_local_krr,test,88,target3_delta05_a1e-4_g0p03+trig_x2_a1e-4_g0p03+target_x2_a1e-4_g0p07,adaptive_residual,5,0.5,1.0,cuda,NVIDIA GeForce RTX 2070 SUPER,2.1265204742097485,1.4798220579777808,4.7604888714327,5.6917227195140505,8.154751702249238,0.6363636363636364,0.7386363636363636
v1000_only_random,46,cuda_density_aware_local_krr,train,408,target3_delta05_a3e-4_g0p03+trig_x2_a1e-4_g0p03,adaptive_residual,5,0.5,1.0,cuda,NVIDIA GeForce RTX 2070 SUPER,1.4643589373312615,1.1779316641247806,2.986455116044193,3.5580433735260177,6.754220964689056,0.7745098039215687,0.8504901960784313
v1000_only_random,46,cuda_density_aware_local_krr,valid,88,target3_delta05_a3e-4_g0p03+trig_x2_a1e-4_g0p03,adaptive_residual,5,0.5,1.0,cuda,NVIDIA GeForce RTX 2070 SUPER,1.8947848103309892,1.497407834864775,3.2231265009151144,4.2675334562069995,7.067902109777965,0.625,0.7386363636363636
v1000_only_random,46,cuda_density_aware_local_krr,test,88,target3_delta05_a3e-4_g0p03+trig_x2_a1e-4_g0p03,adaptive_residual,5,0.5,1.0,cuda,NVIDIA GeForce RTX 2070 SUPER,1.837266782869041,1.6208232969015066,3.035804772242199,4.183504609338375,6.886119581924419,0.6363636363636364,0.8295454545454546
v1000_only_random,47,cuda_density_aware_local_krr,train,408,trig_x2_a1e-4_g0p03+target_x2_a1e-4_g0p07,adaptive_residual,5,0.5,1.0,cuda,NVIDIA GeForce RTX 2070 SUPER,1.1804757776084625,0.9332547963824704,2.4422207174441404,2.920450034881039,6.122245206153452,0.8480392156862745,0.9044117647058824
v1000_only_random,47,cuda_density_aware_local_krr,valid,88,trig_x2_a1e-4_g0p03+target_x2_a1e-4_g0p07,adaptive_residual,5,0.5,1.0,cuda,NVIDIA GeForce RTX 2070 SUPER,2.0255430832155223,1.627674022971553,3.672819225345142,5.721598299134264,8.926524279910105,0.625,0.7272727272727273
v1000_only_random,47,cuda_density_aware_local_krr,test,88,trig_x2_a1e-4_g0p03+target_x2_a1e-4_g0p07,adaptive_residual,5,0.5,1.0,cuda,NVIDIA GeForce RTX 2070 SUPER,2.156340840858137,1.9064724068414942,4.128411377906747,5.349568306325782,7.931729894554697,0.5227272727272727,0.6931818181818182
v1000_only_random,48,cuda_density_aware_local_krr,train,408,target3_delta05_a1e-4_g0p03,adaptive_residual,5,0.5,0.5,cuda,NVIDIA GeForce RTX 2070 SUPER,1.2753413321998466,1.0631251824269339,2.3486712082369112,2.906520201389785,5.38468067862252,0.8284313725490197,0.9093137254901961
v1000_only_random,48,cuda_density_aware_local_krr,valid,88,target3_delta05_a1e-4_g0p03,adaptive_residual,5,0.5,0.5,cuda,NVIDIA GeForce RTX 2070 SUPER,2.266558520330749,1.6263009240220097,4.632741070279664,5.661422835598109,14.026846800292699,0.6136363636363636,0.7159090909090909
v1000_only_random,48,cuda_density_aware_local_krr,test,88,target3_delta05_a1e-4_g0p03,adaptive_residual,5,0.5,0.5,cuda,NVIDIA GeForce RTX 2070 SUPER,2.093725863526922,1.7059490530997936,4.32852785609614,5.254505946704449,7.4997257970534985,0.5795454545454546,0.6931818181818182
v1000_only_random,49,cuda_density_aware_local_krr,train,408,target_x3_a1e-4_g0p03+target05_trig2_a3e-4_g0p05+target_x2_a1e-4_g0p07,adaptive_residual,5,0.5,1.0,cuda,NVIDIA GeForce RTX 2070 SUPER,1.1957239971743492,0.9703767481653649,2.44289418620965,2.764391157279632,5.760634599071475,0.8553921568627451,0.9093137254901961
v1000_only_random,49,cuda_density_aware_local_krr,valid,88,target_x3_a1e-4_g0p03+target05_trig2_a3e-4_g0p05+target_x2_a1e-4_g0p07,adaptive_residual,5,0.5,1.0,cuda,NVIDIA GeForce RTX 2070 SUPER,2.033391190181693,1.9289006180370518,3.9447419667247807,4.519289237248705,6.689383310574618,0.5568181818181818,0.7272727272727273
v1000_only_random,49,cuda_density_aware_local_krr,test,88,target_x3_a1e-4_g0p03+target05_trig2_a3e-4_g0p05+target_x2_a1e-4_g0p07,adaptive_residual,5,0.5,1.0,cuda,NVIDIA GeForce RTX 2070 SUPER,2.216400261222004,1.6614689651592065,4.609971415661859,6.411320779937166,8.718012193919744,0.6363636363636364,0.7045454545454546
